{
  "user": [
    {
      "username":"user1",
      "password":"1234"
    }
  ],
  "home":[
    {
      "title":"English",
      "sdate":"01/09/2020",
      "ndate":"02/09/2020",
      "des":"lorem13 1234",
      "links":"http://localhost:3000/parts"
      
    },
    {
      "title":"Hindi",
      "sdate":"01/09/2020",
      "ndate":"02/09/2020",
      "des":"lorem13 1234"
    },
    {
      "title":"Marathi",
      "sdate":"01/09/2020",
      "ndate":"02/09/2020",
      "des":"lorem13 1234"
    },
    {
      "title":"Maths",
      "sdate":"01/09/2020",
      "ndate":"02/09/2020",
      "des":"lorem13 1234"
    }
  ],
  "parts":[
    {
      "part":"Part1",
      "des":"lorem13 1234"
    },
    {
      "part":"Part2",
      "des":"lorem13 1234"
    },
    {
      "part":"Part3",
      "des":"lorem13 1234"
    },
    {
      "part":"Part4",
      "des":"lorem13 1234"
    }
  ]

}